customer_external_id,customer_first_name,customer_last_name,customer_email,customer_phone,customer_dob,customer_country,customer_is_active,order_external_id,order_date,order_status,order_shipping_address,order_country,order_is_priority,product_sku,product_name,product_price,order_item_quantity,audit_action,audit_notes
CUST-001328,First1328,Last1328,user1328@example.com,+64248766920,1981-11-22,NZ,1,ORD-00003502,2023-01-25,CREATED,"#141 Queen St, Auckland",NZ,0,SKU-29152,Product-29152,270.44,1,ORDER_IMPORTED,Bulk CSV import
CUST-001328,First1328,Last1328,user1328@example.com,+64248766920,1981-11-22,NZ,1,ORD-00003502,2023-01-25,CREATED,"#141 Queen St, Auckland",NZ,0,SKU-26594,Product-26594,46.32,4,ORDER_IMPORTED,Bulk CSV import
CUST-001328,First1328,Last1328,user1328@example.com,+64248766920,1981-11-22,NZ,1,ORD-00003502,2023-01-25,CREATED,"#141 Queen St, Auckland",NZ,0,SKU-25988,Product-25988,226.09,2,ORDER_IMPORTED,Bulk CSV import
CUST-001328,First1328,Last1328,user1328@example.com,+64248766920,1981-11-22,NZ,1,ORD-00003502,2023-01-25,CREATED,"#141 Queen St, Auckland",NZ,0,SKU-43913,Product-43913,489.75,1,ORDER_IMPORTED,Bulk CSV import
CUST-001328,First1328,Last1328,user1328@example.com,+64248766920,1981-11-22,NZ,1,ORD-00003502,2023-01-25,CREATED,"#141 Queen St, Auckland",NZ,0,SKU-24217,Product-24217,433.01,2,ORDER_IMPORTED,Bulk CSV import
CUST-001172,First1172,Last1172,user1172@example.com,+64256254328,1999-02-12,NZ,1,ORD-00003503,2025-06-10,SHIPPED,"#158 Queen St, Auckland",NZ,0,SKU-46104,Product-46104,386.61,3,ORDER_IMPORTED,Bulk CSV import
CUST-001172,First1172,Last1172,user1172@example.com,+64256254328,1999-02-12,NZ,1,ORD-00003504,2025-06-03,CREATED,"#36 Queen St, Auckland",NZ,0,SKU-46524,Product-46524,399.67,1,ORDER_IMPORTED,Bulk CSV import
CUST-001172,First1172,Last1172,user1172@example.com,+64256254328,1999-02-12,NZ,1,ORD-00003504,2025-06-03,CREATED,"#36 Queen St, Auckland",NZ,0,SKU-40698,Product-40698,275.64,3,ORDER_IMPORTED,Bulk CSV import
CUST-001172,First1172,Last1172,user1172@example.com,+64256254328,1999-02-12,NZ,1,ORD-00003504,2025-06-03,CREATED,"#36 Queen St, Auckland",NZ,0,SKU-29500,Product-29500,243.51,3,ORDER_IMPORTED,Bulk CSV import
CUST-001172,First1172,Last1172,user1172@example.com,+64256254328,1999-02-12,NZ,1,ORD-00003504,2025-06-03,CREATED,"#36 Queen St, Auckland",NZ,0,SKU-11363,Product-11363,250.06,4,ORDER_IMPORTED,Bulk CSV import
CUST-001896,First1896,Last1896,user1896@example.com,+64221878947,1979-08-22,NZ,1,ORD-00003505,2023-11-30,PAID,"#18 Queen St, Auckland",NZ,0,SKU-24733,Product-24733,280.52,2,ORDER_IMPORTED,Bulk CSV import
CUST-001896,First1896,Last1896,user1896@example.com,+64221878947,1979-08-22,NZ,1,ORD-00003505,2023-11-30,PAID,"#18 Queen St, Auckland",NZ,0,SKU-46418,Product-46418,202.31,1,ORDER_IMPORTED,Bulk CSV import
CUST-000983,First983,Last983,user983@example.com,+64276794023,1994-03-17,NZ,1,ORD-00003506,2024-04-29,SHIPPED,"#53 Queen St, Auckland",NZ,0,SKU-40950,Product-40950,380.21,4,ORDER_IMPORTED,Bulk CSV import
CUST-000983,First983,Last983,user983@example.com,+64276794023,1994-03-17,NZ,1,ORD-00003506,2024-04-29,SHIPPED,"#53 Queen St, Auckland",NZ,0,SKU-09008,Product-9008,45.87,3,ORDER_IMPORTED,Bulk CSV import
CUST-000983,First983,Last983,user983@example.com,+64276794023,1994-03-17,NZ,1,ORD-00003507,2023-12-11,SHIPPED,"#199 Queen St, Auckland",NZ,1,SKU-27559,Product-27559,166.13,3,ORDER_IMPORTED,Bulk CSV import
CUST-000983,First983,Last983,user983@example.com,+64276794023,1994-03-17,NZ,1,ORD-00003507,2023-12-11,SHIPPED,"#199 Queen St, Auckland",NZ,1,SKU-07201,Product-7201,438.14,2,ORDER_IMPORTED,Bulk CSV import
CUST-000345,First345,Last345,user345@example.com,+64280187568,1999-07-26,NZ,1,ORD-00003508,2023-04-18,SHIPPED,"#24 Queen St, Auckland",NZ,0,SKU-42549,Product-42549,343.77,3,ORDER_IMPORTED,Bulk CSV import
CUST-000345,First345,Last345,user345@example.com,+64280187568,1999-07-26,NZ,1,ORD-00003508,2023-04-18,SHIPPED,"#24 Queen St, Auckland",NZ,0,SKU-01992,Product-1992,476.25,1,ORDER_IMPORTED,Bulk CSV import
CUST-000345,First345,Last345,user345@example.com,+64280187568,1999-07-26,NZ,1,ORD-00003508,2023-04-18,SHIPPED,"#24 Queen St, Auckland",NZ,0,SKU-29421,Product-29421,137.99,4,ORDER_IMPORTED,Bulk CSV import
CUST-000345,First345,Last345,user345@example.com,+64280187568,1999-07-26,NZ,1,ORD-00003508,2023-04-18,SHIPPED,"#24 Queen St, Auckland",NZ,0,SKU-06896,Product-6896,58.89,1,ORDER_IMPORTED,Bulk CSV import
CUST-000345,First345,Last345,user345@example.com,+64280187568,1999-07-26,NZ,1,ORD-00003509,2023-05-10,CREATED,"#82 Queen St, Auckland",NZ,0,SKU-22528,Product-22528,259.39,3,ORDER_IMPORTED,Bulk CSV import
CUST-000345,First345,Last345,user345@example.com,+64280187568,1999-07-26,NZ,1,ORD-00003509,2023-05-10,CREATED,"#82 Queen St, Auckland",NZ,0,SKU-01535,Product-1535,198.59,1,ORDER_IMPORTED,Bulk CSV import
CUST-000345,First345,Last345,user345@example.com,+64280187568,1999-07-26,NZ,1,ORD-00003509,2023-05-10,CREATED,"#82 Queen St, Auckland",NZ,0,SKU-20832,Product-20832,183.72,3,ORDER_IMPORTED,Bulk CSV import
CUST-000345,First345,Last345,user345@example.com,+64280187568,1999-07-26,NZ,1,ORD-00003509,2023-05-10,CREATED,"#82 Queen St, Auckland",NZ,0,SKU-49686,Product-49686,363.17,3,ORDER_IMPORTED,Bulk CSV import
CUST-000345,First345,Last345,user345@example.com,+64280187568,1999-07-26,NZ,1,ORD-00003509,2023-05-10,CREATED,"#82 Queen St, Auckland",NZ,0,SKU-18793,Product-18793,238.12,3,ORDER_IMPORTED,Bulk CSV import
CUST-000345,First345,Last345,user345@example.com,+64280187568,1999-07-26,NZ,1,ORD-00003510,2024-11-21,PAID,"#66 Queen St, Auckland",NZ,0,SKU-13746,Product-13746,464.28,4,ORDER_IMPORTED,Bulk CSV import
CUST-000852,First852,Last852,user852@example.com,+64262247439,1975-09-16,NZ,1,ORD-00003511,2025-05-23,CREATED,"#129 Queen St, Auckland",NZ,0,SKU-16208,Product-16208,391.47,2,ORDER_IMPORTED,Bulk CSV import
CUST-000852,First852,Last852,user852@example.com,+64262247439,1975-09-16,NZ,1,ORD-00003511,2025-05-23,CREATED,"#129 Queen St, Auckland",NZ,0,SKU-09898,Product-9898,227.70,3,ORDER_IMPORTED,Bulk CSV import
CUST-000852,First852,Last852,user852@example.com,+64262247439,1975-09-16,NZ,1,ORD-00003511,2025-05-23,CREATED,"#129 Queen St, Auckland",NZ,0,SKU-29141,Product-29141,297.84,2,ORDER_IMPORTED,Bulk CSV import
CUST-000852,First852,Last852,user852@example.com,+64262247439,1975-09-16,NZ,1,ORD-00003511,2025-05-23,CREATED,"#129 Queen St, Auckland",NZ,0,SKU-29759,Product-29759,129.07,3,ORDER_IMPORTED,Bulk CSV import
CUST-000380,First380,Last380,user380@example.com,+64278225734,1984-04-22,NZ,1,ORD-00003512,2025-08-23,SHIPPED,"#76 Queen St, Auckland",NZ,0,SKU-28818,Product-28818,398.31,4,ORDER_IMPORTED,Bulk CSV import
CUST-000380,First380,Last380,user380@example.com,+64278225734,1984-04-22,NZ,1,ORD-00003512,2025-08-23,SHIPPED,"#76 Queen St, Auckland",NZ,0,SKU-00256,Product-256,211.53,3,ORDER_IMPORTED,Bulk CSV import
CUST-001084,First1084,Last1084,user1084@example.com,+64277311186,1971-08-17,NZ,1,ORD-00003513,2023-04-21,SHIPPED,"#116 Queen St, Auckland",NZ,0,SKU-20531,Product-20531,12.13,3,ORDER_IMPORTED,Bulk CSV import
CUST-001084,First1084,Last1084,user1084@example.com,+64277311186,1971-08-17,NZ,1,ORD-00003513,2023-04-21,SHIPPED,"#116 Queen St, Auckland",NZ,0,SKU-47170,Product-47170,132.89,1,ORDER_IMPORTED,Bulk CSV import
CUST-001084,First1084,Last1084,user1084@example.com,+64277311186,1971-08-17,NZ,1,ORD-00003513,2023-04-21,SHIPPED,"#116 Queen St, Auckland",NZ,0,SKU-01042,Product-1042,50.37,1,ORDER_IMPORTED,Bulk CSV import
CUST-001084,First1084,Last1084,user1084@example.com,+64277311186,1971-08-17,NZ,1,ORD-00003513,2023-04-21,SHIPPED,"#116 Queen St, Auckland",NZ,0,SKU-38287,Product-38287,437.68,4,ORDER_IMPORTED,Bulk CSV import
CUST-001084,First1084,Last1084,user1084@example.com,+64277311186,1971-08-17,NZ,1,ORD-00003514,2025-05-01,PAID,"#143 Queen St, Auckland",NZ,0,SKU-16371,Product-16371,220.16,2,ORDER_IMPORTED,Bulk CSV import
CUST-001084,First1084,Last1084,user1084@example.com,+64277311186,1971-08-17,NZ,1,ORD-00003514,2025-05-01,PAID,"#143 Queen St, Auckland",NZ,0,SKU-12374,Product-12374,190.23,4,ORDER_IMPORTED,Bulk CSV import
CUST-001084,First1084,Last1084,user1084@example.com,+64277311186,1971-08-17,NZ,1,ORD-00003514,2025-05-01,PAID,"#143 Queen St, Auckland",NZ,0,SKU-26443,Product-26443,388.92,4,ORDER_IMPORTED,Bulk CSV import
CUST-001146,First1146,Last1146,user1146@example.com,+64264418872,1978-01-05,NZ,1,ORD-00003515,2025-11-27,PAID,"#116 Queen St, Auckland",NZ,0,SKU-23313,Product-23313,150.89,1,ORDER_IMPORTED,Bulk CSV import
CUST-001146,First1146,Last1146,user1146@example.com,+64264418872,1978-01-05,NZ,1,ORD-00003515,2025-11-27,PAID,"#116 Queen St, Auckland",NZ,0,SKU-24216,Product-24216,479.34,2,ORDER_IMPORTED,Bulk CSV import
CUST-001146,First1146,Last1146,user1146@example.com,+64264418872,1978-01-05,NZ,1,ORD-00003515,2025-11-27,PAID,"#116 Queen St, Auckland",NZ,0,SKU-09980,Product-9980,340.43,2,ORDER_IMPORTED,Bulk CSV import
CUST-001146,First1146,Last1146,user1146@example.com,+64264418872,1978-01-05,NZ,1,ORD-00003515,2025-11-27,PAID,"#116 Queen St, Auckland",NZ,0,SKU-26419,Product-26419,15.43,4,ORDER_IMPORTED,Bulk CSV import
CUST-001146,First1146,Last1146,user1146@example.com,+64264418872,1978-01-05,NZ,1,ORD-00003516,2023-08-03,PAID,"#9 Queen St, Auckland",NZ,0,SKU-27859,Product-27859,342.90,1,ORDER_IMPORTED,Bulk CSV import
CUST-001146,First1146,Last1146,user1146@example.com,+64264418872,1978-01-05,NZ,1,ORD-00003516,2023-08-03,PAID,"#9 Queen St, Auckland",NZ,0,SKU-20267,Product-20267,272.20,1,ORDER_IMPORTED,Bulk CSV import
CUST-001146,First1146,Last1146,user1146@example.com,+64264418872,1978-01-05,NZ,1,ORD-00003516,2023-08-03,PAID,"#9 Queen St, Auckland",NZ,0,SKU-02131,Product-2131,80.36,1,ORDER_IMPORTED,Bulk CSV import
CUST-001146,First1146,Last1146,user1146@example.com,+64264418872,1978-01-05,NZ,1,ORD-00003516,2023-08-03,PAID,"#9 Queen St, Auckland",NZ,0,SKU-17434,Product-17434,312.55,1,ORDER_IMPORTED,Bulk CSV import
CUST-001146,First1146,Last1146,user1146@example.com,+64264418872,1978-01-05,NZ,1,ORD-00003516,2023-08-03,PAID,"#9 Queen St, Auckland",NZ,0,SKU-05579,Product-5579,293.05,1,ORDER_IMPORTED,Bulk CSV import
CUST-001146,First1146,Last1146,user1146@example.com,+64264418872,1978-01-05,NZ,1,ORD-00003517,2025-11-18,CREATED,"#62 Queen St, Auckland",NZ,0,SKU-10501,Product-10501,312.55,4,ORDER_IMPORTED,Bulk CSV import
CUST-001146,First1146,Last1146,user1146@example.com,+64264418872,1978-01-05,NZ,1,ORD-00003517,2025-11-18,CREATED,"#62 Queen St, Auckland",NZ,0,SKU-11037,Product-11037,425.91,4,ORDER_IMPORTED,Bulk CSV import
CUST-001146,First1146,Last1146,user1146@example.com,+64264418872,1978-01-05,NZ,1,ORD-00003517,2025-11-18,CREATED,"#62 Queen St, Auckland",NZ,0,SKU-41603,Product-41603,485.39,3,ORDER_IMPORTED,Bulk CSV import
CUST-001124,First1124,Last1124,user1124@example.com,+64275627793,1968-09-10,NZ,1,ORD-00003518,2024-08-03,CREATED,"#3 Queen St, Auckland",NZ,0,SKU-36771,Product-36771,155.93,4,ORDER_IMPORTED,Bulk CSV import
CUST-001124,First1124,Last1124,user1124@example.com,+64275627793,1968-09-10,NZ,1,ORD-00003518,2024-08-03,CREATED,"#3 Queen St, Auckland",NZ,0,SKU-11581,Product-11581,81.56,2,ORDER_IMPORTED,Bulk CSV import
CUST-001124,First1124,Last1124,user1124@example.com,+64275627793,1968-09-10,NZ,1,ORD-00003518,2024-08-03,CREATED,"#3 Queen St, Auckland",NZ,0,SKU-37655,Product-37655,67.79,3,ORDER_IMPORTED,Bulk CSV import
CUST-001124,First1124,Last1124,user1124@example.com,+64275627793,1968-09-10,NZ,1,ORD-00003518,2024-08-03,CREATED,"#3 Queen St, Auckland",NZ,0,SKU-26672,Product-26672,112.49,4,ORDER_IMPORTED,Bulk CSV import
CUST-001124,First1124,Last1124,user1124@example.com,+64275627793,1968-09-10,NZ,1,ORD-00003518,2024-08-03,CREATED,"#3 Queen St, Auckland",NZ,0,SKU-41377,Product-41377,499.52,1,ORDER_IMPORTED,Bulk CSV import
CUST-000629,First629,Last629,user629@example.com,+64271844261,2002-07-24,NZ,1,ORD-00003519,2023-11-15,SHIPPED,"#190 Queen St, Auckland",NZ,0,SKU-28676,Product-28676,306.75,1,ORDER_IMPORTED,Bulk CSV import
CUST-000629,First629,Last629,user629@example.com,+64271844261,2002-07-24,NZ,1,ORD-00003519,2023-11-15,SHIPPED,"#190 Queen St, Auckland",NZ,0,SKU-04593,Product-4593,285.89,3,ORDER_IMPORTED,Bulk CSV import
CUST-000629,First629,Last629,user629@example.com,+64271844261,2002-07-24,NZ,1,ORD-00003519,2023-11-15,SHIPPED,"#190 Queen St, Auckland",NZ,0,SKU-03858,Product-3858,47.47,1,ORDER_IMPORTED,Bulk CSV import
CUST-000629,First629,Last629,user629@example.com,+64271844261,2002-07-24,NZ,1,ORD-00003519,2023-11-15,SHIPPED,"#190 Queen St, Auckland",NZ,0,SKU-04932,Product-4932,330.69,2,ORDER_IMPORTED,Bulk CSV import
CUST-000629,First629,Last629,user629@example.com,+64271844261,2002-07-24,NZ,1,ORD-00003519,2023-11-15,SHIPPED,"#190 Queen St, Auckland",NZ,0,SKU-11274,Product-11274,419.99,2,ORDER_IMPORTED,Bulk CSV import
CUST-000629,First629,Last629,user629@example.com,+64271844261,2002-07-24,NZ,1,ORD-00003520,2023-03-17,PAID,"#173 Queen St, Auckland",NZ,0,SKU-31312,Product-31312,159.19,3,ORDER_IMPORTED,Bulk CSV import
CUST-000629,First629,Last629,user629@example.com,+64271844261,2002-07-24,NZ,1,ORD-00003520,2023-03-17,PAID,"#173 Queen St, Auckland",NZ,0,SKU-43489,Product-43489,71.61,3,ORDER_IMPORTED,Bulk CSV import
CUST-000629,First629,Last629,user629@example.com,+64271844261,2002-07-24,NZ,1,ORD-00003520,2023-03-17,PAID,"#173 Queen St, Auckland",NZ,0,SKU-23875,Product-23875,488.56,4,ORDER_IMPORTED,Bulk CSV import
CUST-000629,First629,Last629,user629@example.com,+64271844261,2002-07-24,NZ,1,ORD-00003520,2023-03-17,PAID,"#173 Queen St, Auckland",NZ,0,SKU-38966,Product-38966,143.36,4,ORDER_IMPORTED,Bulk CSV import
CUST-000629,First629,Last629,user629@example.com,+64271844261,2002-07-24,NZ,1,ORD-00003521,2023-05-05,SHIPPED,"#143 Queen St, Auckland",NZ,0,SKU-02564,Product-2564,405.91,1,ORDER_IMPORTED,Bulk CSV import
CUST-000077,First77,Last77,user77@example.com,+64223084832,2000-06-20,NZ,1,ORD-00003522,2024-06-05,CREATED,"#64 Queen St, Auckland",NZ,0,SKU-13214,Product-13214,482.53,3,ORDER_IMPORTED,Bulk CSV import
CUST-000077,First77,Last77,user77@example.com,+64223084832,2000-06-20,NZ,1,ORD-00003522,2024-06-05,CREATED,"#64 Queen St, Auckland",NZ,0,SKU-45048,Product-45048,449.91,1,ORDER_IMPORTED,Bulk CSV import
CUST-000077,First77,Last77,user77@example.com,+64223084832,2000-06-20,NZ,1,ORD-00003522,2024-06-05,CREATED,"#64 Queen St, Auckland",NZ,0,SKU-02752,Product-2752,166.04,2,ORDER_IMPORTED,Bulk CSV import
CUST-000077,First77,Last77,user77@example.com,+64223084832,2000-06-20,NZ,1,ORD-00003522,2024-06-05,CREATED,"#64 Queen St, Auckland",NZ,0,SKU-43378,Product-43378,184.14,4,ORDER_IMPORTED,Bulk CSV import
CUST-000077,First77,Last77,user77@example.com,+64223084832,2000-06-20,NZ,1,ORD-00003523,2025-10-28,CREATED,"#24 Queen St, Auckland",NZ,0,SKU-41595,Product-41595,344.37,1,ORDER_IMPORTED,Bulk CSV import
CUST-000077,First77,Last77,user77@example.com,+64223084832,2000-06-20,NZ,1,ORD-00003523,2025-10-28,CREATED,"#24 Queen St, Auckland",NZ,0,SKU-21418,Product-21418,60.82,1,ORDER_IMPORTED,Bulk CSV import
CUST-000112,First112,Last112,user112@example.com,+64211103207,1995-08-17,NZ,1,ORD-00003524,2023-03-23,SHIPPED,"#142 Queen St, Auckland",NZ,0,SKU-30978,Product-30978,284.45,3,ORDER_IMPORTED,Bulk CSV import
CUST-000112,First112,Last112,user112@example.com,+64211103207,1995-08-17,NZ,1,ORD-00003524,2023-03-23,SHIPPED,"#142 Queen St, Auckland",NZ,0,SKU-42815,Product-42815,116.61,1,ORDER_IMPORTED,Bulk CSV import
CUST-000112,First112,Last112,user112@example.com,+64211103207,1995-08-17,NZ,1,ORD-00003524,2023-03-23,SHIPPED,"#142 Queen St, Auckland",NZ,0,SKU-05780,Product-5780,449.18,2,ORDER_IMPORTED,Bulk CSV import
CUST-000112,First112,Last112,user112@example.com,+64211103207,1995-08-17,NZ,1,ORD-00003524,2023-03-23,SHIPPED,"#142 Queen St, Auckland",NZ,0,SKU-43627,Product-43627,39.48,2,ORDER_IMPORTED,Bulk CSV import
CUST-000112,First112,Last112,user112@example.com,+64211103207,1995-08-17,NZ,1,ORD-00003524,2023-03-23,SHIPPED,"#142 Queen St, Auckland",NZ,0,SKU-22159,Product-22159,250.40,3,ORDER_IMPORTED,Bulk CSV import
CUST-000112,First112,Last112,user112@example.com,+64211103207,1995-08-17,NZ,1,ORD-00003525,2023-04-01,SHIPPED,"#196 Queen St, Auckland",NZ,0,SKU-09892,Product-9892,147.23,3,ORDER_IMPORTED,Bulk CSV import
CUST-000112,First112,Last112,user112@example.com,+64211103207,1995-08-17,NZ,1,ORD-00003525,2023-04-01,SHIPPED,"#196 Queen St, Auckland",NZ,0,SKU-20409,Product-20409,172.60,1,ORDER_IMPORTED,Bulk CSV import
CUST-001849,First1849,Last1849,user1849@example.com,+64251358252,1999-03-18,NZ,1,ORD-00003526,2024-09-07,SHIPPED,"#76 Queen St, Auckland",NZ,0,SKU-22637,Product-22637,134.00,4,ORDER_IMPORTED,Bulk CSV import
CUST-001849,First1849,Last1849,user1849@example.com,+64251358252,1999-03-18,NZ,1,ORD-00003526,2024-09-07,SHIPPED,"#76 Queen St, Auckland",NZ,0,SKU-20313,Product-20313,52.80,4,ORDER_IMPORTED,Bulk CSV import
CUST-001849,First1849,Last1849,user1849@example.com,+64251358252,1999-03-18,NZ,1,ORD-00003527,2023-04-29,CREATED,"#80 Queen St, Auckland",NZ,0,SKU-04686,Product-4686,481.66,3,ORDER_IMPORTED,Bulk CSV import
CUST-001849,First1849,Last1849,user1849@example.com,+64251358252,1999-03-18,NZ,1,ORD-00003527,2023-04-29,CREATED,"#80 Queen St, Auckland",NZ,0,SKU-27009,Product-27009,205.20,2,ORDER_IMPORTED,Bulk CSV import
CUST-001849,First1849,Last1849,user1849@example.com,+64251358252,1999-03-18,NZ,1,ORD-00003527,2023-04-29,CREATED,"#80 Queen St, Auckland",NZ,0,SKU-11234,Product-11234,379.84,4,ORDER_IMPORTED,Bulk CSV import
CUST-001849,First1849,Last1849,user1849@example.com,+64251358252,1999-03-18,NZ,1,ORD-00003527,2023-04-29,CREATED,"#80 Queen St, Auckland",NZ,0,SKU-43688,Product-43688,322.28,2,ORDER_IMPORTED,Bulk CSV import
CUST-001794,First1794,Last1794,user1794@example.com,+64257353895,1976-07-24,NZ,1,ORD-00003528,2024-08-04,CREATED,"#18 Queen St, Auckland",NZ,0,SKU-29083,Product-29083,257.58,3,ORDER_IMPORTED,Bulk CSV import
CUST-001794,First1794,Last1794,user1794@example.com,+64257353895,1976-07-24,NZ,1,ORD-00003528,2024-08-04,CREATED,"#18 Queen St, Auckland",NZ,0,SKU-13983,Product-13983,505.22,1,ORDER_IMPORTED,Bulk CSV import
CUST-001732,First1732,Last1732,user1732@example.com,+64242835237,1979-06-05,NZ,1,ORD-00003529,2025-04-16,CREATED,"#162 Queen St, Auckland",NZ,1,SKU-41473,Product-41473,437.98,2,ORDER_IMPORTED,Bulk CSV import
CUST-001732,First1732,Last1732,user1732@example.com,+64242835237,1979-06-05,NZ,1,ORD-00003529,2025-04-16,CREATED,"#162 Queen St, Auckland",NZ,1,SKU-19094,Product-19094,262.09,2,ORDER_IMPORTED,Bulk CSV import
CUST-001732,First1732,Last1732,user1732@example.com,+64242835237,1979-06-05,NZ,1,ORD-00003529,2025-04-16,CREATED,"#162 Queen St, Auckland",NZ,1,SKU-11335,Product-11335,163.41,3,ORDER_IMPORTED,Bulk CSV import
CUST-001732,First1732,Last1732,user1732@example.com,+64242835237,1979-06-05,NZ,1,ORD-00003529,2025-04-16,CREATED,"#162 Queen St, Auckland",NZ,1,SKU-31886,Product-31886,287.53,2,ORDER_IMPORTED,Bulk CSV import
CUST-001732,First1732,Last1732,user1732@example.com,+64242835237,1979-06-05,NZ,1,ORD-00003530,2025-06-25,SHIPPED,"#180 Queen St, Auckland",NZ,0,SKU-44124,Product-44124,20.00,3,ORDER_IMPORTED,Bulk CSV import
CUST-001732,First1732,Last1732,user1732@example.com,+64242835237,1979-06-05,NZ,1,ORD-00003530,2025-06-25,SHIPPED,"#180 Queen St, Auckland",NZ,0,SKU-04199,Product-4199,441.67,2,ORDER_IMPORTED,Bulk CSV import
CUST-001732,First1732,Last1732,user1732@example.com,+64242835237,1979-06-05,NZ,1,ORD-00003530,2025-06-25,SHIPPED,"#180 Queen St, Auckland",NZ,0,SKU-19031,Product-19031,341.84,3,ORDER_IMPORTED,Bulk CSV import
CUST-001732,First1732,Last1732,user1732@example.com,+64242835237,1979-06-05,NZ,1,ORD-00003531,2023-12-03,PAID,"#116 Queen St, Auckland",NZ,0,SKU-49019,Product-49019,415.96,4,ORDER_IMPORTED,Bulk CSV import
CUST-001732,First1732,Last1732,user1732@example.com,+64242835237,1979-06-05,NZ,1,ORD-00003531,2023-12-03,PAID,"#116 Queen St, Auckland",NZ,0,SKU-25781,Product-25781,30.40,4,ORDER_IMPORTED,Bulk CSV import
CUST-001732,First1732,Last1732,user1732@example.com,+64242835237,1979-06-05,NZ,1,ORD-00003531,2023-12-03,PAID,"#116 Queen St, Auckland",NZ,0,SKU-07462,Product-7462,283.21,3,ORDER_IMPORTED,Bulk CSV import
CUST-001732,First1732,Last1732,user1732@example.com,+64242835237,1979-06-05,NZ,1,ORD-00003531,2023-12-03,PAID,"#116 Queen St, Auckland",NZ,0,SKU-13590,Product-13590,14.50,1,ORDER_IMPORTED,Bulk CSV import
CUST-001715,First1715,Last1715,user1715@example.com,+64289384041,1965-05-30,NZ,1,ORD-00003532,2025-11-04,CREATED,"#66 Queen St, Auckland",NZ,0,SKU-10491,Product-10491,93.71,4,ORDER_IMPORTED,Bulk CSV import
CUST-001715,First1715,Last1715,user1715@example.com,+64289384041,1965-05-30,NZ,1,ORD-00003532,2025-11-04,CREATED,"#66 Queen St, Auckland",NZ,0,SKU-19465,Product-19465,367.04,4,ORDER_IMPORTED,Bulk CSV import
CUST-001715,First1715,Last1715,user1715@example.com,+64289384041,1965-05-30,NZ,1,ORD-00003532,2025-11-04,CREATED,"#66 Queen St, Auckland",NZ,0,SKU-27746,Product-27746,476.92,3,ORDER_IMPORTED,Bulk CSV import
CUST-001673,First1673,Last1673,user1673@example.com,+64237845567,1981-10-22,NZ,1,ORD-00003533,2025-02-07,SHIPPED,"#24 Queen St, Auckland",NZ,0,SKU-25984,Product-25984,10.84,2,ORDER_IMPORTED,Bulk CSV import
CUST-001673,First1673,Last1673,user1673@example.com,+64237845567,1981-10-22,NZ,1,ORD-00003533,2025-02-07,SHIPPED,"#24 Queen St, Auckland",NZ,0,SKU-43091,Product-43091,216.16,2,ORDER_IMPORTED,Bulk CSV import
CUST-001673,First1673,Last1673,user1673@example.com,+64237845567,1981-10-22,NZ,1,ORD-00003533,2025-02-07,SHIPPED,"#24 Queen St, Auckland",NZ,0,SKU-16804,Product-16804,167.95,2,ORDER_IMPORTED,Bulk CSV import
CUST-000150,First150,Last150,user150@example.com,+64215543613,1971-12-17,NZ,1,ORD-00003534,2024-04-30,CREATED,"#143 Queen St, Auckland",NZ,0,SKU-28065,Product-28065,87.49,2,ORDER_IMPORTED,Bulk CSV import
CUST-000150,First150,Last150,user150@example.com,+64215543613,1971-12-17,NZ,1,ORD-00003534,2024-04-30,CREATED,"#143 Queen St, Auckland",NZ,0,SKU-26117,Product-26117,105.00,2,ORDER_IMPORTED,Bulk CSV import
CUST-000150,First150,Last150,user150@example.com,+64215543613,1971-12-17,NZ,1,ORD-00003534,2024-04-30,CREATED,"#143 Queen St, Auckland",NZ,0,SKU-05622,Product-5622,284.75,2,ORDER_IMPORTED,Bulk CSV import
CUST-000150,First150,Last150,user150@example.com,+64215543613,1971-12-17,NZ,1,ORD-00003534,2024-04-30,CREATED,"#143 Queen St, Auckland",NZ,0,SKU-45294,Product-45294,225.52,3,ORDER_IMPORTED,Bulk CSV import
CUST-000150,First150,Last150,user150@example.com,+64215543613,1971-12-17,NZ,1,ORD-00003534,2024-04-30,CREATED,"#143 Queen St, Auckland",NZ,0,SKU-31381,Product-31381,294.82,2,ORDER_IMPORTED,Bulk CSV import
CUST-000150,First150,Last150,user150@example.com,+64215543613,1971-12-17,NZ,1,ORD-00003535,2025-08-22,SHIPPED,"#117 Queen St, Auckland",NZ,0,SKU-47129,Product-47129,60.70,1,ORDER_IMPORTED,Bulk CSV import
CUST-000150,First150,Last150,user150@example.com,+64215543613,1971-12-17,NZ,1,ORD-00003536,2025-05-30,SHIPPED,"#95 Queen St, Auckland",NZ,0,SKU-05194,Product-5194,65.65,3,ORDER_IMPORTED,Bulk CSV import
CUST-000150,First150,Last150,user150@example.com,+64215543613,1971-12-17,NZ,1,ORD-00003536,2025-05-30,SHIPPED,"#95 Queen St, Auckland",NZ,0,SKU-00128,Product-128,175.19,1,ORDER_IMPORTED,Bulk CSV import
CUST-000150,First150,Last150,user150@example.com,+64215543613,1971-12-17,NZ,1,ORD-00003536,2025-05-30,SHIPPED,"#95 Queen St, Auckland",NZ,0,SKU-07043,Product-7043,296.25,4,ORDER_IMPORTED,Bulk CSV import
CUST-000150,First150,Last150,user150@example.com,+64215543613,1971-12-17,NZ,1,ORD-00003536,2025-05-30,SHIPPED,"#95 Queen St, Auckland",NZ,0,SKU-21282,Product-21282,202.33,1,ORDER_IMPORTED,Bulk CSV import
CUST-001779,First1779,Last1779,user1779@example.com,+64221969556,1996-06-03,NZ,1,ORD-00003537,2024-02-16,PAID,"#194 Queen St, Auckland",NZ,0,SKU-41556,Product-41556,406.74,4,ORDER_IMPORTED,Bulk CSV import
CUST-001779,First1779,Last1779,user1779@example.com,+64221969556,1996-06-03,NZ,1,ORD-00003537,2024-02-16,PAID,"#194 Queen St, Auckland",NZ,0,SKU-26708,Product-26708,329.59,2,ORDER_IMPORTED,Bulk CSV import
CUST-001779,First1779,Last1779,user1779@example.com,+64221969556,1996-06-03,NZ,1,ORD-00003537,2024-02-16,PAID,"#194 Queen St, Auckland",NZ,0,SKU-17259,Product-17259,27.47,2,ORDER_IMPORTED,Bulk CSV import
CUST-001779,First1779,Last1779,user1779@example.com,+64221969556,1996-06-03,NZ,1,ORD-00003537,2024-02-16,PAID,"#194 Queen St, Auckland",NZ,0,SKU-07147,Product-7147,232.99,3,ORDER_IMPORTED,Bulk CSV import
CUST-001779,First1779,Last1779,user1779@example.com,+64221969556,1996-06-03,NZ,1,ORD-00003538,2025-02-22,PAID,"#95 Queen St, Auckland",NZ,0,SKU-09731,Product-9731,224.24,2,ORDER_IMPORTED,Bulk CSV import
CUST-001779,First1779,Last1779,user1779@example.com,+64221969556,1996-06-03,NZ,1,ORD-00003538,2025-02-22,PAID,"#95 Queen St, Auckland",NZ,0,SKU-26434,Product-26434,224.39,3,ORDER_IMPORTED,Bulk CSV import
CUST-001779,First1779,Last1779,user1779@example.com,+64221969556,1996-06-03,NZ,1,ORD-00003539,2023-01-13,PAID,"#40 Queen St, Auckland",NZ,0,SKU-05241,Product-5241,372.74,3,ORDER_IMPORTED,Bulk CSV import
CUST-001779,First1779,Last1779,user1779@example.com,+64221969556,1996-06-03,NZ,1,ORD-00003539,2023-01-13,PAID,"#40 Queen St, Auckland",NZ,0,SKU-41517,Product-41517,112.76,4,ORDER_IMPORTED,Bulk CSV import
CUST-000315,First315,Last315,user315@example.com,+64267496142,1988-08-24,NZ,1,ORD-00003540,2023-05-15,PAID,"#15 Queen St, Auckland",NZ,0,SKU-03201,Product-3201,350.48,2,ORDER_IMPORTED,Bulk CSV import
CUST-000315,First315,Last315,user315@example.com,+64267496142,1988-08-24,NZ,1,ORD-00003540,2023-05-15,PAID,"#15 Queen St, Auckland",NZ,0,SKU-21183,Product-21183,377.32,3,ORDER_IMPORTED,Bulk CSV import
CUST-000315,First315,Last315,user315@example.com,+64267496142,1988-08-24,NZ,1,ORD-00003540,2023-05-15,PAID,"#15 Queen St, Auckland",NZ,0,SKU-33148,Product-33148,217.96,2,ORDER_IMPORTED,Bulk CSV import
CUST-000315,First315,Last315,user315@example.com,+64267496142,1988-08-24,NZ,1,ORD-00003540,2023-05-15,PAID,"#15 Queen St, Auckland",NZ,0,SKU-00069,Product-69,165.90,3,ORDER_IMPORTED,Bulk CSV import
CUST-000315,First315,Last315,user315@example.com,+64267496142,1988-08-24,NZ,1,ORD-00003540,2023-05-15,PAID,"#15 Queen St, Auckland",NZ,0,SKU-12298,Product-12298,89.80,2,ORDER_IMPORTED,Bulk CSV import
CUST-000315,First315,Last315,user315@example.com,+64267496142,1988-08-24,NZ,1,ORD-00003541,2023-04-03,SHIPPED,"#11 Queen St, Auckland",NZ,0,SKU-03692,Product-3692,475.06,3,ORDER_IMPORTED,Bulk CSV import
CUST-000315,First315,Last315,user315@example.com,+64267496142,1988-08-24,NZ,1,ORD-00003541,2023-04-03,SHIPPED,"#11 Queen St, Auckland",NZ,0,SKU-31866,Product-31866,317.82,2,ORDER_IMPORTED,Bulk CSV import
CUST-000315,First315,Last315,user315@example.com,+64267496142,1988-08-24,NZ,1,ORD-00003541,2023-04-03,SHIPPED,"#11 Queen St, Auckland",NZ,0,SKU-46464,Product-46464,148.34,3,ORDER_IMPORTED,Bulk CSV import
CUST-000315,First315,Last315,user315@example.com,+64267496142,1988-08-24,NZ,1,ORD-00003541,2023-04-03,SHIPPED,"#11 Queen St, Auckland",NZ,0,SKU-16155,Product-16155,408.72,1,ORDER_IMPORTED,Bulk CSV import
CUST-000315,First315,Last315,user315@example.com,+64267496142,1988-08-24,NZ,1,ORD-00003541,2023-04-03,SHIPPED,"#11 Queen St, Auckland",NZ,0,SKU-35660,Product-35660,207.33,2,ORDER_IMPORTED,Bulk CSV import
CUST-000315,First315,Last315,user315@example.com,+64267496142,1988-08-24,NZ,1,ORD-00003542,2025-03-29,CREATED,"#117 Queen St, Auckland",NZ,0,SKU-33415,Product-33415,437.71,3,ORDER_IMPORTED,Bulk CSV import
CUST-000315,First315,Last315,user315@example.com,+64267496142,1988-08-24,NZ,1,ORD-00003542,2025-03-29,CREATED,"#117 Queen St, Auckland",NZ,0,SKU-36205,Product-36205,106.91,2,ORDER_IMPORTED,Bulk CSV import
CUST-000315,First315,Last315,user315@example.com,+64267496142,1988-08-24,NZ,1,ORD-00003542,2025-03-29,CREATED,"#117 Queen St, Auckland",NZ,0,SKU-47977,Product-47977,323.31,4,ORDER_IMPORTED,Bulk CSV import
CUST-001523,First1523,Last1523,user1523@example.com,+64252884887,1979-11-01,NZ,1,ORD-00003543,2024-07-30,PAID,"#152 Queen St, Auckland",NZ,0,SKU-47326,Product-47326,406.12,4,ORDER_IMPORTED,Bulk CSV import
CUST-000499,First499,Last499,user499@example.com,+64239422181,1979-09-21,NZ,1,ORD-00003544,2024-02-27,SHIPPED,"#14 Queen St, Auckland",NZ,0,SKU-41626,Product-41626,435.65,3,ORDER_IMPORTED,Bulk CSV import
CUST-000499,First499,Last499,user499@example.com,+64239422181,1979-09-21,NZ,1,ORD-00003545,2024-12-17,SHIPPED,"#77 Queen St, Auckland",NZ,0,SKU-14385,Product-14385,119.21,1,ORDER_IMPORTED,Bulk CSV import
CUST-000499,First499,Last499,user499@example.com,+64239422181,1979-09-21,NZ,1,ORD-00003545,2024-12-17,SHIPPED,"#77 Queen St, Auckland",NZ,0,SKU-00516,Product-516,231.75,2,ORDER_IMPORTED,Bulk CSV import
CUST-000499,First499,Last499,user499@example.com,+64239422181,1979-09-21,NZ,1,ORD-00003545,2024-12-17,SHIPPED,"#77 Queen St, Auckland",NZ,0,SKU-26296,Product-26296,161.33,3,ORDER_IMPORTED,Bulk CSV import
CUST-000499,First499,Last499,user499@example.com,+64239422181,1979-09-21,NZ,1,ORD-00003545,2024-12-17,SHIPPED,"#77 Queen St, Auckland",NZ,0,SKU-43326,Product-43326,95.34,2,ORDER_IMPORTED,Bulk CSV import
CUST-000499,First499,Last499,user499@example.com,+64239422181,1979-09-21,NZ,1,ORD-00003545,2024-12-17,SHIPPED,"#77 Queen St, Auckland",NZ,0,SKU-24542,Product-24542,486.97,2,ORDER_IMPORTED,Bulk CSV import
CUST-000499,First499,Last499,user499@example.com,+64239422181,1979-09-21,NZ,1,ORD-00003546,2023-12-29,SHIPPED,"#97 Queen St, Auckland",NZ,0,SKU-39482,Product-39482,151.01,1,ORDER_IMPORTED,Bulk CSV import
CUST-000499,First499,Last499,user499@example.com,+64239422181,1979-09-21,NZ,1,ORD-00003546,2023-12-29,SHIPPED,"#97 Queen St, Auckland",NZ,0,SKU-32179,Product-32179,270.09,1,ORDER_IMPORTED,Bulk CSV import
CUST-000499,First499,Last499,user499@example.com,+64239422181,1979-09-21,NZ,1,ORD-00003546,2023-12-29,SHIPPED,"#97 Queen St, Auckland",NZ,0,SKU-22605,Product-22605,64.13,4,ORDER_IMPORTED,Bulk CSV import
CUST-000202,First202,Last202,user202@example.com,+64294154136,1995-10-29,NZ,1,ORD-00003547,2025-04-23,CREATED,"#144 Queen St, Auckland",NZ,0,SKU-45820,Product-45820,478.10,2,ORDER_IMPORTED,Bulk CSV import
CUST-000202,First202,Last202,user202@example.com,+64294154136,1995-10-29,NZ,1,ORD-00003547,2025-04-23,CREATED,"#144 Queen St, Auckland",NZ,0,SKU-23850,Product-23850,371.62,2,ORDER_IMPORTED,Bulk CSV import
CUST-000202,First202,Last202,user202@example.com,+64294154136,1995-10-29,NZ,1,ORD-00003547,2025-04-23,CREATED,"#144 Queen St, Auckland",NZ,0,SKU-43233,Product-43233,470.85,4,ORDER_IMPORTED,Bulk CSV import
CUST-000202,First202,Last202,user202@example.com,+64294154136,1995-10-29,NZ,1,ORD-00003547,2025-04-23,CREATED,"#144 Queen St, Auckland",NZ,0,SKU-46665,Product-46665,359.24,4,ORDER_IMPORTED,Bulk CSV import
CUST-000202,First202,Last202,user202@example.com,+64294154136,1995-10-29,NZ,1,ORD-00003548,2024-02-07,PAID,"#170 Queen St, Auckland",NZ,0,SKU-40058,Product-40058,70.63,1,ORDER_IMPORTED,Bulk CSV import
CUST-000202,First202,Last202,user202@example.com,+64294154136,1995-10-29,NZ,1,ORD-00003548,2024-02-07,PAID,"#170 Queen St, Auckland",NZ,0,SKU-07562,Product-7562,296.95,2,ORDER_IMPORTED,Bulk CSV import
CUST-000202,First202,Last202,user202@example.com,+64294154136,1995-10-29,NZ,1,ORD-00003548,2024-02-07,PAID,"#170 Queen St, Auckland",NZ,0,SKU-21949,Product-21949,449.46,2,ORDER_IMPORTED,Bulk CSV import
CUST-000202,First202,Last202,user202@example.com,+64294154136,1995-10-29,NZ,1,ORD-00003548,2024-02-07,PAID,"#170 Queen St, Auckland",NZ,0,SKU-18550,Product-18550,220.53,4,ORDER_IMPORTED,Bulk CSV import
CUST-000202,First202,Last202,user202@example.com,+64294154136,1995-10-29,NZ,1,ORD-00003549,2024-03-14,CREATED,"#154 Queen St, Auckland",NZ,0,SKU-20719,Product-20719,442.55,1,ORDER_IMPORTED,Bulk CSV import
CUST-000202,First202,Last202,user202@example.com,+64294154136,1995-10-29,NZ,1,ORD-00003549,2024-03-14,CREATED,"#154 Queen St, Auckland",NZ,0,SKU-15128,Product-15128,398.38,2,ORDER_IMPORTED,Bulk CSV import
CUST-000202,First202,Last202,user202@example.com,+64294154136,1995-10-29,NZ,1,ORD-00003549,2024-03-14,CREATED,"#154 Queen St, Auckland",NZ,0,SKU-20867,Product-20867,82.74,3,ORDER_IMPORTED,Bulk CSV import
CUST-000202,First202,Last202,user202@example.com,+64294154136,1995-10-29,NZ,1,ORD-00003549,2024-03-14,CREATED,"#154 Queen St, Auckland",NZ,0,SKU-29344,Product-29344,163.02,3,ORDER_IMPORTED,Bulk CSV import
CUST-001481,First1481,Last1481,user1481@example.com,+64279669314,1977-09-25,NZ,1,ORD-00003550,2023-09-28,PAID,"#34 Queen St, Auckland",NZ,0,SKU-23295,Product-23295,280.85,2,ORDER_IMPORTED,Bulk CSV import
CUST-001481,First1481,Last1481,user1481@example.com,+64279669314,1977-09-25,NZ,1,ORD-00003550,2023-09-28,PAID,"#34 Queen St, Auckland",NZ,0,SKU-22303,Product-22303,464.88,3,ORDER_IMPORTED,Bulk CSV import
CUST-001481,First1481,Last1481,user1481@example.com,+64279669314,1977-09-25,NZ,1,ORD-00003550,2023-09-28,PAID,"#34 Queen St, Auckland",NZ,0,SKU-15279,Product-15279,43.11,2,ORDER_IMPORTED,Bulk CSV import
CUST-001481,First1481,Last1481,user1481@example.com,+64279669314,1977-09-25,NZ,1,ORD-00003551,2023-01-13,PAID,"#177 Queen St, Auckland",NZ,0,SKU-28883,Product-28883,484.90,4,ORDER_IMPORTED,Bulk CSV import
CUST-001481,First1481,Last1481,user1481@example.com,+64279669314,1977-09-25,NZ,1,ORD-00003551,2023-01-13,PAID,"#177 Queen St, Auckland",NZ,0,SKU-08965,Product-8965,160.20,1,ORDER_IMPORTED,Bulk CSV import
CUST-001538,First1538,Last1538,user1538@example.com,+64220015193,1984-11-01,NZ,1,ORD-00003552,2023-01-07,SHIPPED,"#180 Queen St, Auckland",NZ,0,SKU-33870,Product-33870,411.76,1,ORDER_IMPORTED,Bulk CSV import
CUST-001538,First1538,Last1538,user1538@example.com,+64220015193,1984-11-01,NZ,1,ORD-00003552,2023-01-07,SHIPPED,"#180 Queen St, Auckland",NZ,0,SKU-13597,Product-13597,126.93,3,ORDER_IMPORTED,Bulk CSV import
CUST-001538,First1538,Last1538,user1538@example.com,+64220015193,1984-11-01,NZ,1,ORD-00003553,2023-07-06,CREATED,"#50 Queen St, Auckland",NZ,1,SKU-11436,Product-11436,362.25,2,ORDER_IMPORTED,Bulk CSV import
CUST-001538,First1538,Last1538,user1538@example.com,+64220015193,1984-11-01,NZ,1,ORD-00003553,2023-07-06,CREATED,"#50 Queen St, Auckland",NZ,1,SKU-14311,Product-14311,496.86,1,ORDER_IMPORTED,Bulk CSV import
CUST-001538,First1538,Last1538,user1538@example.com,+64220015193,1984-11-01,NZ,1,ORD-00003553,2023-07-06,CREATED,"#50 Queen St, Auckland",NZ,1,SKU-12379,Product-12379,359.28,2,ORDER_IMPORTED,Bulk CSV import
CUST-000355,First355,Last355,user355@example.com,+64254128575,1983-08-14,NZ,1,ORD-00003554,2024-11-07,CREATED,"#92 Queen St, Auckland",NZ,0,SKU-41532,Product-41532,448.79,3,ORDER_IMPORTED,Bulk CSV import
CUST-000355,First355,Last355,user355@example.com,+64254128575,1983-08-14,NZ,1,ORD-00003554,2024-11-07,CREATED,"#92 Queen St, Auckland",NZ,0,SKU-25689,Product-25689,281.40,4,ORDER_IMPORTED,Bulk CSV import
CUST-000355,First355,Last355,user355@example.com,+64254128575,1983-08-14,NZ,1,ORD-00003554,2024-11-07,CREATED,"#92 Queen St, Auckland",NZ,0,SKU-14634,Product-14634,324.09,2,ORDER_IMPORTED,Bulk CSV import
CUST-000540,First540,Last540,user540@example.com,+64236447453,1986-11-10,NZ,1,ORD-00003555,2023-10-16,CREATED,"#151 Queen St, Auckland",NZ,0,SKU-43896,Product-43896,294.54,4,ORDER_IMPORTED,Bulk CSV import
CUST-000540,First540,Last540,user540@example.com,+64236447453,1986-11-10,NZ,1,ORD-00003555,2023-10-16,CREATED,"#151 Queen St, Auckland",NZ,0,SKU-29795,Product-29795,286.62,2,ORDER_IMPORTED,Bulk CSV import
CUST-000540,First540,Last540,user540@example.com,+64236447453,1986-11-10,NZ,1,ORD-00003556,2024-11-03,SHIPPED,"#116 Queen St, Auckland",NZ,0,SKU-06404,Product-6404,267.40,1,ORDER_IMPORTED,Bulk CSV import
CUST-000540,First540,Last540,user540@example.com,+64236447453,1986-11-10,NZ,1,ORD-00003556,2024-11-03,SHIPPED,"#116 Queen St, Auckland",NZ,0,SKU-45723,Product-45723,416.42,2,ORDER_IMPORTED,Bulk CSV import
CUST-000540,First540,Last540,user540@example.com,+64236447453,1986-11-10,NZ,1,ORD-00003556,2024-11-03,SHIPPED,"#116 Queen St, Auckland",NZ,0,SKU-11024,Product-11024,179.98,1,ORDER_IMPORTED,Bulk CSV import
CUST-000540,First540,Last540,user540@example.com,+64236447453,1986-11-10,NZ,1,ORD-00003556,2024-11-03,SHIPPED,"#116 Queen St, Auckland",NZ,0,SKU-35634,Product-35634,289.05,4,ORDER_IMPORTED,Bulk CSV import
CUST-000540,First540,Last540,user540@example.com,+64236447453,1986-11-10,NZ,1,ORD-00003557,2024-05-09,PAID,"#168 Queen St, Auckland",NZ,1,SKU-19735,Product-19735,501.91,2,ORDER_IMPORTED,Bulk CSV import
CUST-000540,First540,Last540,user540@example.com,+64236447453,1986-11-10,NZ,1,ORD-00003557,2024-05-09,PAID,"#168 Queen St, Auckland",NZ,1,SKU-30994,Product-30994,408.80,4,ORDER_IMPORTED,Bulk CSV import
CUST-000540,First540,Last540,user540@example.com,+64236447453,1986-11-10,NZ,1,ORD-00003557,2024-05-09,PAID,"#168 Queen St, Auckland",NZ,1,SKU-36988,Product-36988,355.08,3,ORDER_IMPORTED,Bulk CSV import
CUST-000540,First540,Last540,user540@example.com,+64236447453,1986-11-10,NZ,1,ORD-00003557,2024-05-09,PAID,"#168 Queen St, Auckland",NZ,1,SKU-13530,Product-13530,433.41,2,ORDER_IMPORTED,Bulk CSV import
CUST-000526,First526,Last526,user526@example.com,+64208244986,1982-07-24,NZ,1,ORD-00003558,2025-10-18,PAID,"#5 Queen St, Auckland",NZ,0,SKU-03845,Product-3845,187.73,4,ORDER_IMPORTED,Bulk CSV import
CUST-000526,First526,Last526,user526@example.com,+64208244986,1982-07-24,NZ,1,ORD-00003559,2025-09-08,CREATED,"#84 Queen St, Auckland",NZ,0,SKU-15992,Product-15992,356.43,2,ORDER_IMPORTED,Bulk CSV import
CUST-000526,First526,Last526,user526@example.com,+64208244986,1982-07-24,NZ,1,ORD-00003559,2025-09-08,CREATED,"#84 Queen St, Auckland",NZ,0,SKU-09204,Product-9204,365.12,2,ORDER_IMPORTED,Bulk CSV import
CUST-000526,First526,Last526,user526@example.com,+64208244986,1982-07-24,NZ,1,ORD-00003559,2025-09-08,CREATED,"#84 Queen St, Auckland",NZ,0,SKU-45539,Product-45539,248.48,3,ORDER_IMPORTED,Bulk CSV import
CUST-000526,First526,Last526,user526@example.com,+64208244986,1982-07-24,NZ,1,ORD-00003559,2025-09-08,CREATED,"#84 Queen St, Auckland",NZ,0,SKU-38694,Product-38694,77.71,2,ORDER_IMPORTED,Bulk CSV import
CUST-001363,First1363,Last1363,user1363@example.com,+64293159457,2000-02-09,NZ,1,ORD-00003560,2023-09-03,CREATED,"#20 Queen St, Auckland",NZ,0,SKU-43794,Product-43794,34.20,3,ORDER_IMPORTED,Bulk CSV import
CUST-001363,First1363,Last1363,user1363@example.com,+64293159457,2000-02-09,NZ,1,ORD-00003560,2023-09-03,CREATED,"#20 Queen St, Auckland",NZ,0,SKU-26905,Product-26905,225.20,1,ORDER_IMPORTED,Bulk CSV import
CUST-001363,First1363,Last1363,user1363@example.com,+64293159457,2000-02-09,NZ,1,ORD-00003560,2023-09-03,CREATED,"#20 Queen St, Auckland",NZ,0,SKU-36480,Product-36480,483.30,2,ORDER_IMPORTED,Bulk CSV import
CUST-001363,First1363,Last1363,user1363@example.com,+64293159457,2000-02-09,NZ,1,ORD-00003560,2023-09-03,CREATED,"#20 Queen St, Auckland",NZ,0,SKU-23405,Product-23405,53.71,2,ORDER_IMPORTED,Bulk CSV import
CUST-001363,First1363,Last1363,user1363@example.com,+64293159457,2000-02-09,NZ,1,ORD-00003560,2023-09-03,CREATED,"#20 Queen St, Auckland",NZ,0,SKU-10103,Product-10103,288.37,1,ORDER_IMPORTED,Bulk CSV import
CUST-001363,First1363,Last1363,user1363@example.com,+64293159457,2000-02-09,NZ,1,ORD-00003561,2024-04-04,SHIPPED,"#2 Queen St, Auckland",NZ,1,SKU-44445,Product-44445,186.10,1,ORDER_IMPORTED,Bulk CSV import
CUST-000671,First671,Last671,user671@example.com,+64280754592,1977-05-21,NZ,1,ORD-00003562,2025-08-28,SHIPPED,"#86 Queen St, Auckland",NZ,0,SKU-31113,Product-31113,409.83,3,ORDER_IMPORTED,Bulk CSV import
CUST-000671,First671,Last671,user671@example.com,+64280754592,1977-05-21,NZ,1,ORD-00003563,2024-04-11,PAID,"#114 Queen St, Auckland",NZ,0,SKU-03415,Product-3415,478.42,4,ORDER_IMPORTED,Bulk CSV import
CUST-001026,First1026,Last1026,user1026@example.com,+64246163425,1968-07-11,NZ,1,ORD-00003564,2023-01-10,PAID,"#78 Queen St, Auckland",NZ,0,SKU-23202,Product-23202,23.07,1,ORDER_IMPORTED,Bulk CSV import
CUST-001026,First1026,Last1026,user1026@example.com,+64246163425,1968-07-11,NZ,1,ORD-00003564,2023-01-10,PAID,"#78 Queen St, Auckland",NZ,0,SKU-14725,Product-14725,15.11,1,ORDER_IMPORTED,Bulk CSV import
CUST-001026,First1026,Last1026,user1026@example.com,+64246163425,1968-07-11,NZ,1,ORD-00003564,2023-01-10,PAID,"#78 Queen St, Auckland",NZ,0,SKU-05151,Product-5151,271.84,4,ORDER_IMPORTED,Bulk CSV import
CUST-001026,First1026,Last1026,user1026@example.com,+64246163425,1968-07-11,NZ,1,ORD-00003564,2023-01-10,PAID,"#78 Queen St, Auckland",NZ,0,SKU-14510,Product-14510,496.94,3,ORDER_IMPORTED,Bulk CSV import
CUST-001026,First1026,Last1026,user1026@example.com,+64246163425,1968-07-11,NZ,1,ORD-00003565,2024-03-28,CREATED,"#63 Queen St, Auckland",NZ,0,SKU-14388,Product-14388,364.93,4,ORDER_IMPORTED,Bulk CSV import
CUST-001026,First1026,Last1026,user1026@example.com,+64246163425,1968-07-11,NZ,1,ORD-00003565,2024-03-28,CREATED,"#63 Queen St, Auckland",NZ,0,SKU-09588,Product-9588,334.63,3,ORDER_IMPORTED,Bulk CSV import
CUST-001026,First1026,Last1026,user1026@example.com,+64246163425,1968-07-11,NZ,1,ORD-00003565,2024-03-28,CREATED,"#63 Queen St, Auckland",NZ,0,SKU-42126,Product-42126,480.77,1,ORDER_IMPORTED,Bulk CSV import
CUST-001026,First1026,Last1026,user1026@example.com,+64246163425,1968-07-11,NZ,1,ORD-00003565,2024-03-28,CREATED,"#63 Queen St, Auckland",NZ,0,SKU-07798,Product-7798,198.19,4,ORDER_IMPORTED,Bulk CSV import
CUST-001026,First1026,Last1026,user1026@example.com,+64246163425,1968-07-11,NZ,1,ORD-00003565,2024-03-28,CREATED,"#63 Queen St, Auckland",NZ,0,SKU-08924,Product-8924,422.67,1,ORDER_IMPORTED,Bulk CSV import
CUST-001906,First1906,Last1906,user1906@example.com,+64228596703,1987-12-16,NZ,1,ORD-00003566,2025-11-26,PAID,"#180 Queen St, Auckland",NZ,0,SKU-21828,Product-21828,171.44,4,ORDER_IMPORTED,Bulk CSV import
CUST-001906,First1906,Last1906,user1906@example.com,+64228596703,1987-12-16,NZ,1,ORD-00003566,2025-11-26,PAID,"#180 Queen St, Auckland",NZ,0,SKU-35345,Product-35345,212.09,1,ORDER_IMPORTED,Bulk CSV import
CUST-001906,First1906,Last1906,user1906@example.com,+64228596703,1987-12-16,NZ,1,ORD-00003566,2025-11-26,PAID,"#180 Queen St, Auckland",NZ,0,SKU-26200,Product-26200,271.87,3,ORDER_IMPORTED,Bulk CSV import
CUST-001906,First1906,Last1906,user1906@example.com,+64228596703,1987-12-16,NZ,1,ORD-00003566,2025-11-26,PAID,"#180 Queen St, Auckland",NZ,0,SKU-09837,Product-9837,182.61,1,ORDER_IMPORTED,Bulk CSV import
CUST-000445,First445,Last445,user445@example.com,+64254257820,1986-03-20,NZ,1,ORD-00003567,2023-06-22,PAID,"#163 Queen St, Auckland",NZ,0,SKU-17648,Product-17648,440.27,1,ORDER_IMPORTED,Bulk CSV import
CUST-000445,First445,Last445,user445@example.com,+64254257820,1986-03-20,NZ,1,ORD-00003567,2023-06-22,PAID,"#163 Queen St, Auckland",NZ,0,SKU-36332,Product-36332,376.95,3,ORDER_IMPORTED,Bulk CSV import
CUST-000445,First445,Last445,user445@example.com,+64254257820,1986-03-20,NZ,1,ORD-00003568,2024-05-24,SHIPPED,"#118 Queen St, Auckland",NZ,0,SKU-35555,Product-35555,166.56,3,ORDER_IMPORTED,Bulk CSV import
CUST-000445,First445,Last445,user445@example.com,+64254257820,1986-03-20,NZ,1,ORD-00003568,2024-05-24,SHIPPED,"#118 Queen St, Auckland",NZ,0,SKU-24916,Product-24916,146.65,2,ORDER_IMPORTED,Bulk CSV import
CUST-000445,First445,Last445,user445@example.com,+64254257820,1986-03-20,NZ,1,ORD-00003569,2024-01-19,SHIPPED,"#64 Queen St, Auckland",NZ,0,SKU-31297,Product-31297,246.39,1,ORDER_IMPORTED,Bulk CSV import
CUST-000445,First445,Last445,user445@example.com,+64254257820,1986-03-20,NZ,1,ORD-00003569,2024-01-19,SHIPPED,"#64 Queen St, Auckland",NZ,0,SKU-22228,Product-22228,17.72,3,ORDER_IMPORTED,Bulk CSV import
CUST-000445,First445,Last445,user445@example.com,+64254257820,1986-03-20,NZ,1,ORD-00003569,2024-01-19,SHIPPED,"#64 Queen St, Auckland",NZ,0,SKU-24665,Product-24665,407.78,2,ORDER_IMPORTED,Bulk CSV import
CUST-000307,First307,Last307,user307@example.com,+64270988877,1965-07-30,NZ,1,ORD-00003570,2024-07-22,SHIPPED,"#185 Queen St, Auckland",NZ,0,SKU-05371,Product-5371,22.16,4,ORDER_IMPORTED,Bulk CSV import
CUST-000307,First307,Last307,user307@example.com,+64270988877,1965-07-30,NZ,1,ORD-00003570,2024-07-22,SHIPPED,"#185 Queen St, Auckland",NZ,0,SKU-19042,Product-19042,476.23,1,ORDER_IMPORTED,Bulk CSV import
CUST-000307,First307,Last307,user307@example.com,+64270988877,1965-07-30,NZ,1,ORD-00003570,2024-07-22,SHIPPED,"#185 Queen St, Auckland",NZ,0,SKU-17690,Product-17690,252.82,1,ORDER_IMPORTED,Bulk CSV import
CUST-001290,First1290,Last1290,user1290@example.com,+64281662206,1970-01-02,NZ,1,ORD-00003571,2024-03-21,SHIPPED,"#47 Queen St, Auckland",NZ,0,SKU-36143,Product-36143,477.72,1,ORDER_IMPORTED,Bulk CSV import
CUST-001290,First1290,Last1290,user1290@example.com,+64281662206,1970-01-02,NZ,1,ORD-00003571,2024-03-21,SHIPPED,"#47 Queen St, Auckland",NZ,0,SKU-30417,Product-30417,283.50,2,ORDER_IMPORTED,Bulk CSV import
CUST-001290,First1290,Last1290,user1290@example.com,+64281662206,1970-01-02,NZ,1,ORD-00003571,2024-03-21,SHIPPED,"#47 Queen St, Auckland",NZ,0,SKU-33357,Product-33357,440.84,2,ORDER_IMPORTED,Bulk CSV import
CUST-001290,First1290,Last1290,user1290@example.com,+64281662206,1970-01-02,NZ,1,ORD-00003571,2024-03-21,SHIPPED,"#47 Queen St, Auckland",NZ,0,SKU-39799,Product-39799,447.17,1,ORDER_IMPORTED,Bulk CSV import
CUST-001290,First1290,Last1290,user1290@example.com,+64281662206,1970-01-02,NZ,1,ORD-00003571,2024-03-21,SHIPPED,"#47 Queen St, Auckland",NZ,0,SKU-20351,Product-20351,406.76,3,ORDER_IMPORTED,Bulk CSV import
CUST-001290,First1290,Last1290,user1290@example.com,+64281662206,1970-01-02,NZ,1,ORD-00003572,2024-09-15,SHIPPED,"#171 Queen St, Auckland",NZ,0,SKU-19103,Product-19103,150.41,2,ORDER_IMPORTED,Bulk CSV import
CUST-001290,First1290,Last1290,user1290@example.com,+64281662206,1970-01-02,NZ,1,ORD-00003572,2024-09-15,SHIPPED,"#171 Queen St, Auckland",NZ,0,SKU-22747,Product-22747,69.50,3,ORDER_IMPORTED,Bulk CSV import
CUST-001290,First1290,Last1290,user1290@example.com,+64281662206,1970-01-02,NZ,1,ORD-00003572,2024-09-15,SHIPPED,"#171 Queen St, Auckland",NZ,0,SKU-20623,Product-20623,195.22,4,ORDER_IMPORTED,Bulk CSV import
CUST-001290,First1290,Last1290,user1290@example.com,+64281662206,1970-01-02,NZ,1,ORD-00003572,2024-09-15,SHIPPED,"#171 Queen St, Auckland",NZ,0,SKU-04304,Product-4304,55.83,1,ORDER_IMPORTED,Bulk CSV import
CUST-001290,First1290,Last1290,user1290@example.com,+64281662206,1970-01-02,NZ,1,ORD-00003572,2024-09-15,SHIPPED,"#171 Queen St, Auckland",NZ,0,SKU-14044,Product-14044,172.44,4,ORDER_IMPORTED,Bulk CSV import
CUST-001290,First1290,Last1290,user1290@example.com,+64281662206,1970-01-02,NZ,1,ORD-00003573,2023-02-13,SHIPPED,"#149 Queen St, Auckland",NZ,1,SKU-17858,Product-17858,48.83,1,ORDER_IMPORTED,Bulk CSV import
CUST-001290,First1290,Last1290,user1290@example.com,+64281662206,1970-01-02,NZ,1,ORD-00003573,2023-02-13,SHIPPED,"#149 Queen St, Auckland",NZ,1,SKU-06823,Product-6823,158.33,1,ORDER_IMPORTED,Bulk CSV import
CUST-001290,First1290,Last1290,user1290@example.com,+64281662206,1970-01-02,NZ,1,ORD-00003573,2023-02-13,SHIPPED,"#149 Queen St, Auckland",NZ,1,SKU-03932,Product-3932,129.29,1,ORDER_IMPORTED,Bulk CSV import
CUST-001290,First1290,Last1290,user1290@example.com,+64281662206,1970-01-02,NZ,1,ORD-00003573,2023-02-13,SHIPPED,"#149 Queen St, Auckland",NZ,1,SKU-07721,Product-7721,254.69,4,ORDER_IMPORTED,Bulk CSV import
CUST-001290,First1290,Last1290,user1290@example.com,+64281662206,1970-01-02,NZ,1,ORD-00003573,2023-02-13,SHIPPED,"#149 Queen St, Auckland",NZ,1,SKU-49425,Product-49425,487.20,3,ORDER_IMPORTED,Bulk CSV import
CUST-000885,First885,Last885,user885@example.com,+64210527745,1995-02-20,NZ,1,ORD-00003574,2025-05-03,PAID,"#170 Queen St, Auckland",NZ,0,SKU-49117,Product-49117,120.34,3,ORDER_IMPORTED,Bulk CSV import
CUST-000885,First885,Last885,user885@example.com,+64210527745,1995-02-20,NZ,1,ORD-00003574,2025-05-03,PAID,"#170 Queen St, Auckland",NZ,0,SKU-31375,Product-31375,457.60,1,ORDER_IMPORTED,Bulk CSV import
CUST-000885,First885,Last885,user885@example.com,+64210527745,1995-02-20,NZ,1,ORD-00003575,2025-12-27,PAID,"#175 Queen St, Auckland",NZ,0,SKU-21249,Product-21249,290.44,2,ORDER_IMPORTED,Bulk CSV import
CUST-000885,First885,Last885,user885@example.com,+64210527745,1995-02-20,NZ,1,ORD-00003575,2025-12-27,PAID,"#175 Queen St, Auckland",NZ,0,SKU-10337,Product-10337,184.31,1,ORDER_IMPORTED,Bulk CSV import
CUST-000885,First885,Last885,user885@example.com,+64210527745,1995-02-20,NZ,1,ORD-00003575,2025-12-27,PAID,"#175 Queen St, Auckland",NZ,0,SKU-47064,Product-47064,317.69,1,ORDER_IMPORTED,Bulk CSV import
